ngram,ngram_count
제노의 맛그당어,48
다음은 질문,35
질문 상자에,35
이게왜무죄야 이게왜무죄야,19
아 나,13
맛그당어 이맛집은신이에요,13
아 진짜,12
아 시발,11
대체 왜,11
진짜 너무,10
하 진짜,9
나 진짜,9
나 왜,9
아 ㅅㅂ,8
근데 진짜,8
ㅇ ㄹㅇ,8
진짜 진짜,7
지금 딱,7
와 나,7
근데 그,7
아니 걍,7
싹 다,7
와 진짜,7
근데 이제,7
아 아,6
아니 나,6
르메르 범백,6
수 있는,6
제품 다수,6
오히려 좋아,6
브랜드 추천,6
헐 헐,6
ㅅㅂ 아,6
아니 뭔,6
헐 미친,6
꾸미님 가디건,6
넘 예뻐,5
넘 예뻐서,5
모두의 익명,5
올리셨는데 어디껀,5
아니 이,5
목걸이 저두,5
허리 에,5
아니 근데,5
에 힙,5
귀여븐 목걸이,5
어디껀 정님,5
답변한 질문,5
나 아직,5
허리 힙,5
나 지금,5
저두 사,5
바질인보틀 제품,5
이거 진짜,5
아 배고파,5
오늘 첨,5
모집 중,5
셔츠 사진,5
정님 귀여븐,5
사진 올리셨는데,5
세상에서 제일,5
질문을 모집,5
왜 왜,5
질문상자 익명질문모집중,5
익명 질문을,5
와 오늘,5
친구 생일선물,5
아 미친,5
중 최근,5
아니 진짜,5
나는 왜,5
펜싱 사브르,5
진짜 존나,5
아 왜,5
최근 답변한,5
근데 걍,4
말이 되냐,4
넘 예쁨,4
스테이씨 대결단,4
근데 이거,4
너무 예쁜데,4
제일 좋아하는,4
아 나도,4
넘 유명해서,4
얘들아 명,4
이게 더,4
좀 더,4
오늘 하루종일,4
일단 나는,4
그 이후로,4
이런 미친,4
얘들아 나,4
나 또,4
나 이거,4
근데 저는,4
올리신 바지,4
아 아닙니다,4
귀여워 귀여워,4
제가 진짜,4
아니 오늘,4
