ngram,ngram_count
다음은 질문 상자에,35
이게왜무죄야 이게왜무죄야 이게왜무죄야,18
제노의 맛그당어 이맛집은신이에요,13
정님 귀여븐 목걸이,5
최근 답변한 질문,5
사진 올리셨는데 어디껀,5
목걸이 저두 사,5
어디껀 정님 귀여븐,5
중 최근 답변한,5
셔츠 사진 올리셨는데,5
익명 질문을 모집,5
질문을 모집 중,5
모두의 익명 질문을,5
모집 중 최근,5
귀여븐 목걸이 저두,5
올리셨는데 어디껀 정님,5
바질인보틀 제품 다수,5
허리 에 힙,5
방금 올리신 바지,4
저두 사 버블유출하지마세요,4
올리신 바지 정보,4
답변한 질문 셔츠,4
사 버블유출하지마세요 방금,4
버블유출하지마세요 방금 올리신,4
바지 정보 좀,4
정보 좀 질문상자,4
질문 셔츠 사진,4
좀 질문상자 익명질문모집중,4
아 나 진짜,3
인간인데 누구는 카리나고,3
왜 왜 왜,3
지랑 전화를 왜해,2
빠른 시일 내로,2
공덕 사심가득 한옥을,2
부랄 한바가지 핏,2
라 리사럽미 라,2
ㅅㅂ 근데 왜,2
헤이그 신상이고 하나는,2
아 박은빈 귀여워,2
양이 많지는 않고,2
스테이씨 대결단 세은아,2
상의는 어깨 가슴,2
내가 지랑 전화를,2
주얼리 브랜드 추천,2
뉴모얼 가디건 진짜,2
에 힙 짜리,2
거의 만원어치 옷,2
평생 한가지만 먹고,2
브랜드 추천 타래,2
다 나보다 가볍구나,2
살이 별로 없고,2
리사럽미 라 리사럽미,2
남자는 자아 빼고,2
빈센조 화 보는중,2
트윗 사진은 제가,2
사고싶은 욕구가 안생김,2
첫 트윗 사진은,2
헐 헐 헐,2
여자아이돌 위 카리나씨,2
어제 더현대 갔다가,2
자아 빼고 다,2
편하게 입기 좋음,2
똑같은 인간인데 누구는,2
ㅎ 제노의 맛그당어,2
둘다 므앤 입니다,2
하나는 므앤 모찌,2
하나는 헤이그 신상이고,2
많이 보는수밖에 없습니다,2
펜싱 사브르 금메달,2
전여빈 사극 찍었니,2
가격대가 너무 천차만별이라,2
제 체형에 대해,2
꾸미님 뉴모얼 가디건,2
므앤 모찌 어쩌구,2
수 있는 곳,2
길어서 삭제하기도 힘들어요,2
거의 티켓팅 수준임,2
또 어케 알고,2
위 카리나씨 축하드립니다,2
ㄷ ㄷ ㄷ,2
신상이고 하나는 므앤,2
역시 자본주의 짱,2
와아악 쥐포 미쳣,1
와이드팬츠인가 그거 사려고,1
와 진짜 저렇게도,1
와이드는 오안꺼 가성비,1
와이드로 샀고 후드집업은,1
와 진짜 입틀막,1
와 침삼키면 식도,1
와이드보다 더 핏이,1
와 진짜 이,1
와이드슬랙스 미친놈 인간르메르,1
와이드에 골반에 걸쳐입을수있는,1
와이드팬츠 유행하는거 너무,1
와이파이 어떻게 잡냐고,1
와이드 청바지입고 해운대나,1
와이파이를 찾아다녀야 하는구나,1
와이파이쓰는데 네트워크 개좆같음,1
와이프냐고 물어봄 ㅅㅂ,1
와인 간단하게 마실수있어서,1
