ngram,ngram_count
이게왜무죄야 이게왜무죄야 이게왜무죄야 이게왜무죄야,17
올리셨는데 어디껀 정님 귀여븐,5
질문을 모집 중 최근,5
모집 중 최근 답변한,5
셔츠 사진 올리셨는데 어디껀,5
어디껀 정님 귀여븐 목걸이,5
귀여븐 목걸이 저두 사,5
익명 질문을 모집 중,5
중 최근 답변한 질문,5
사진 올리셨는데 어디껀 정님,5
정님 귀여븐 목걸이 저두,5
모두의 익명 질문을 모집,5
답변한 질문 셔츠 사진,4
저두 사 버블유출하지마세요 방금,4
바지 정보 좀 질문상자,4
정보 좀 질문상자 익명질문모집중,4
목걸이 저두 사 버블유출하지마세요,4
방금 올리신 바지 정보,4
버블유출하지마세요 방금 올리신 바지,4
올리신 바지 정보 좀,4
사 버블유출하지마세요 방금 올리신,4
질문 셔츠 사진 올리셨는데,4
최근 답변한 질문 셔츠,4
내가 지랑 전화를 왜해,2
꾸미님 뉴모얼 가디건 진짜,2
라 리사럽미 라 리사럽미,2
여자아이돌 위 카리나씨 축하드립니다,2
첫 트윗 사진은 제가,2
똑같은 인간인데 누구는 카리나고,2
허리 에 힙 짜리,2
헤이그 신상이고 하나는 므앤,2
하나는 므앤 모찌 어쩌구,2
왜 왜 왜 왜,2
신상이고 하나는 므앤 모찌,2
하나는 헤이그 신상이고 하나는,2
남자는 자아 빼고 다,2
와씨 이번주과제 다 했다,1
와씨 유도 혼성도 다같이하는거아니고,1
와씨 잦댓다 난시 개심해져서,1
와씨 하루종일 액상과당 톤처마신듯,1
와씨 저널쓰느라 손에 땀,1
와씨 저댄 케이팝 워크아웃,1
와씨 좆됐다 아빠병원에 확진자,1
와씨 티쏘 박은빈 미쳣냐,1
와씨 한과목 신청해보고 안되면,1
와씨개도랐나 제발 아 솔직히이건진짜본인을믿는거밖에없다미쳤다어떡하냐,1
와씨미친 밖에존나추워 반팔입고나왔다가 바로갈아입으러들어왓슴,1
와씨발 이거괜찮아 태호민성회전목마타면서거의준섹스하는데 보다가진짜뒷골땡김ㅆㅂ아무리케이블이라지만섹스씬은좀,1
와씨좃될뻔 지각제출이내일까지가능이라는건데 내일까지내도되는줄알고 회사가서과제하려다갑자기이마때림,1
와씨 우리가 차에 점수,1
와씨 스피드 미쳤다 아,1
와씨 왜케 여러명이 달려,1
와씨 방금 일석삼조 뭐야,1
와십 미쳣다 ㅍㅍ 안바울,1
와씌 지헌이랑 제노가 엠씨야,1
와씨 강 갈수도 잇는거아냐,1
와씨 개간지셋업 두개나 올라왔다,1
와씨 걍쐈는데 점이야 미친,1
와씨 구경이 첫화봤는데 미쳤다,1
와씨 김우진선수 심박수 도안됔,1
와씨 낮에 땀 한바가지흘리고,1
와씨 넷플에 메기나온다고 당장봐,1
와씨 마지막 대박이네 그저그런,1
와씨 미친 개재밋음 패드,1
와씨 배드민턴도 한일전이야 오늘,1
와씨 왜케 더워 나반팔만입고잇음,1
와씨 보세 도매상들 가격,1
와씨 산꼭대기라 등산중인데 지금,1
와씨 생긴대로 니트 살짝봐도,1
와씨 세르비아 익숙한 나라는,1
와씨 소름끼챠 우리 골키퍼,1
와씨 술값 인당 만원나왔네,1
와씹 소년심판 막화 에반데,1
와씨 아빠도오늘쥐젖이랑사마귀떼러 나랑똑같은병원갔는데 만원나왔대,1
와씨 아이스하키 존내재밋음 근데,1
와씨 여자배구 양팀선수들 공,1
와씨 옥씨 머리넘기자마자 너무잘생겻어,1
와씹 개도랏네 아직도안믿김 이게된다고,1
와아악 쥐포 미쳣 하,1
와씹 쇼트트랙 약간 한국의,1
와중에도 넘어져서 팔 찢어지는건,1
와인 벽돌 그 사이,1
와인바가는중 과연 아빠오기전에 집에,1
와인바가면 멜론하몽 하나주고 만얼마,1
와인색 아니면 절대 안사,1
와인색머리 이렇게잘어울리는사람 첨봄 ㅁㅊ,1
와인튀겨서 티나는데 이거라도 하나,1
와있는거임 ㅅㅂ 그래서 뇌정지와서,1
와장창 김치 들이부은 매콤달달짭짤한,1
와장창 이상하게 뒤집혀서 묶였으면,1
와존나잘해 저렇게 멀리에서 던져서,1
와좃됏다 드디어 에어팟 프로,1
와중에 나 어제 텔파,1
와중에 마지막 머리공격들어가서 이겼어,1
와중에도 맛있어서 넘 행복햇음,1
와인 간단하게 마실수있어서 넘,1
와진자 뒤지게하기싫다 나그냥 일하는게,1
와진짜 개후련해시발 슈휠팅선수 금메달따고,1
와진짜 너무 원하던 낙곱새,1
와진짜 너무안어울려 내안에택연오빠는 순수하고몸좋은바보역할이제일,1
